<?xml version="1.0" encoding="UTF-8" standalone="yes"?>
<addon id="script.chainsgenocide.artwork" version="1.0.2" name="[COLOR red]ChainsGenocide [/COLOR]Artwork" provider-name="ChainsGenocide">
    <requires>
        <!--<import addon="xbmc.python" version="2.19.0"/>-->
    </requires>
    <extension point="xbmc.python.module" library="lib" />
    <extension point="xbmc.addon.metadata">
        <summary>ChainsGenocide Artwork</summary>
        <description>ChainsGenocide Artwork</description>
        <platform>all</platform>
        <assets>
            <icon>icon.png</icon>
            <fanart>fanart.jpg</fanart>
        </assets>
    </extension>
</addon>
