<?xml version="1.0" encoding="UTF-8" standalone="yes"?>
<addon id="plugin.video.chains"                                                                                                                                    
	   name="[COLORgold]Chains[/COLOR]"                                                 
	   version="1.0.5"                                                                                                                                        
	   provider-name="Chains">
  <requires>
	<import addon="script.module.resolveurl" />
  </requires>
  <extension point="xbmc.python.pluginsource"
            library="default.py">
        <provides>video</provides>
  </extension>
  <extension point="xbmc.addon.metadata">
    <summary lang="en">All credits to the original developer</summary>
    <description lang="en">All In One Addon</description>
	
    <platform>all</platform>
	<assets>
            <icon>icon.png</icon>
            <fanart>fanart.jpg</fanart>
    </assets>
  </extension>
  
</addon>
