<?xml version="1.0" encoding="UTF-8" standalone="yes"?>
<addon id="plugin.program.funstersplacewizard" name="[COLOR yellow]Funstersplace Wizard[/COLOR]" version="3.0" provider-name="[COLOR red]Funsterbe[/COLOR]">
  <requires>
    <import addon="xbmc.python" version="2.1.0"/>
  </requires>
  <extension point="xbmc.python.pluginsource" library="default.py">
        <provides>executable</provides>
  </extension>
  <extension point="xbmc.service" library="startup.py" start="startup" />
  <extension point="xbmc.addon.metadata">
    <summary lang="en">Funstersplace Wizard</summary>
    <description lang="en">In this wizard you will find the latest Funstersplace builds. Thanks whufclee at NaN, GUYS at TI, Brackets for the app installer!! RomanVM for the PyXBMCt libs. Fire TV Guru for the PyXBMCt layout  Also a very special Thanks to Surfacingx for the base code used in this add-on.</description>
    <platform>all</platform>
  </extension>
</addon>