<?xml version="1.0" encoding="UTF-8" standalone="yes"?>
<addon id="script.chainsgenocide.artwork" version="1.0.3" name="[COLOR red]Chains Genocide [/COLOR]Artwork" provider-name="ChainsGenocide">
    <requires>
        <!--<import addon="xbmc.python" version="2.19.0"/>-->
    </requires>
    <extension point="xbmc.python.module" library="lib" />
    <extension point="xbmc.addon.metadata">
        <summary>Chains Genocide Artwork</summary>
        <description>Chains Genocide Artwork</description>
        <platform>all</platform>
        <assets>
            <icon>icon.png</icon>
            <fanart>fanart.jpg</fanart>
        </assets>
    </extension>
</addon>
