<?xml version="1.0" encoding="UTF-8" standalone="yes"?>
<addon id="plugin.video.ghost"                                                                                                                                    
	   name="Ghost"                                                 
	   version="1.0.3"                                                                                                                                        
	   provider-name="Ghost">
  <requires>
	<import addon="script.module.resolveurl"/>
  </requires>
  <extension point="xbmc.python.pluginsource"
            library="default.py">
        <provides>video</provides>
  </extension>
  <extension point="xbmc.addon.metadata">
    <summary lang="en">Ghost Addon</summary>
    <description lang="en">All in one addon</description>
	
    <platform>all</platform>
	<assets>
            <icon>icon.png</icon>
            <fanart>fanart.jpg</fanart>
    </assets>
  </extension>
  
</addon>
