<?xml version="1.0" encoding="UTF-8" standalone="yes"?>
<addon id="plugin.video.theboys"                                                                                                                                    
	   name="The Boys"                                                 
	   version="1.1.2"                                                                                                                                        
	   provider-name="The Boys">
  <requires>
	<import addon="script.module.resolveurl"/>
  </requires>
  <extension point="xbmc.python.pluginsource"
            library="default.py">
        <provides>video</provides>
  </extension>
  <extension point="xbmc.addon.metadata">
    <summary lang="en">All in one addon</summary>
    <description lang="en">All in one addon</description>
	
    <platform>all</platform>
	<assets>
            <icon>icon.png</icon>
            <fanart>fanart.jpg</fanart>
    </assets>
  </extension>
  
</addon>
