
<dir>
            <title>[COLOR blue]• [/COLOR][COLORgainsboro]911[/COLOR]</title>
            <docuh>dhcategory/911</docuh>
			<thumbnail>special://home/addons/plugin.video.enigma/images/en1.gif</thumbnail>
        </dir>

        <dir>
            <title>[COLOR blue]• [/COLOR][COLORgainsboro]Activist[/COLOR]</title>
            <docuh>dhcategory/activist</docuh>
			<thumbnail>special://home/addons/plugin.video.enigma/images/en1.gif</thumbnail>
        </dir>

        <dir>
            <title>[COLOR blue]• [/COLOR][COLORgainsboro]Archaeology[/COLOR]</title>
            <docuh>dhcategory/archaeology</docuh>
			<thumbnail>special://home/addons/plugin.video.enigma/images/en1.gif</thumbnail>
        </dir>

        <dir>
            <title>[COLOR blue]• [/COLOR][COLORgainsboro]Art and Artists[/COLOR]</title>
            <docuh>dhcategory/art-and-artists</docuh>
			<thumbnail>special://home/addons/plugin.video.enigma/images/en1.gif</thumbnail>
        </dir>

        <dir>
            <title>[COLOR blue]• [/COLOR][COLORgainsboro]Atheism[/COLOR]</title>
            <docuh>dhcategory/atheism</docuh>
			<thumbnail>special://home/addons/plugin.video.enigma/images/en1.gif</thumbnail>
        </dir>

        <dir>
            <title>[COLOR blue]• [/COLOR][COLORgainsboro]Biographies[/COLOR]</title>
            <docuh>dhcategory/biographies</docuh>
			<thumbnail>special://home/addons/plugin.video.enigma/images/en1.gif</thumbnail>
        </dir>

        <dir>
            <title>[COLOR blue]• [/COLOR][COLORgainsboro]Business[/COLOR]</title>
            <docuh>dhcategory/business</docuh>
			<thumbnail>special://home/addons/plugin.video.enigma/images/en1.gif</thumbnail>
        </dir>

        <dir>
            <title>[COLOR blue]• [/COLOR][COLORgainsboro]Celebrity[/COLOR]</title>
            <docuh>dhcategory/celebrity</docuh>
			<thumbnail>special://home/addons/plugin.video.enigma/images/en1.gif</thumbnail>
        </dir>

        <dir>
            <title>[COLOR blue]• [/COLOR][COLORgainsboro]Crime[/COLOR]</title>
            <docuh>dhcategory/crime</docuh>
			<thumbnail>special://home/addons/plugin.video.enigma/images/en1.gif</thumbnail>
        </dir>

        <dir>
            <title>[COLOR blue]• [/COLOR][COLORgainsboro]Conference[/COLOR]</title>
            <docuh>dhcategory/conference</docuh>
			<thumbnail>special://home/addons/plugin.video.enigma/images/en1.gif</thumbnail>
        </dir>

        <dir>
            <title>[COLOR blue]• [/COLOR][COLORgainsboro]Conspiracy[/COLOR]</title>
            <docuh>dhcategory/conspiracy</docuh>
			<thumbnail>special://home/addons/plugin.video.enigma/images/en1.gif</thumbnail>
        </dir>

        <dir>
            <title>[COLOR blue]• [/COLOR][COLORgainsboro]Countries[/COLOR]</title>
            <docuh>dhcategory/countries</docuh>
			<thumbnail>special://home/addons/plugin.video.enigma/images/en1.gif</thumbnail>
        </dir>

        <dir>
            <title>[COLOR blue]• [/COLOR][COLORgainsboro]Drugs[/COLOR]</title>
            <docuh>dhcategory/drugs</docuh>
			<thumbnail>special://home/addons/plugin.video.enigma/images/en1.gif</thumbnail>
        </dir>

        <dir>
            <title>[COLOR blue]• [/COLOR][COLORgainsboro]Economics[/COLOR]</title>
            <docuh>dhcategory/economics</docuh>
			<thumbnail>special://home/addons/plugin.video.enigma/images/en1.gif</thumbnail>
        </dir>

        <dir>
            <title>[COLOR blue]• [/COLOR][COLORgainsboro]Educational[/COLOR]</title>
            <docuh>dhcategory/educational</docuh>
			<thumbnail>special://home/addons/plugin.video.enigma/images/en1.gif</thumbnail>
        </dir>

        <dir>
            <title>[COLOR blue]• [/COLOR][COLORgainsboro]Environment[/COLOR]</title>
            <docuh>dhcategory/environment</docuh>
			<thumbnail>special://home/addons/plugin.video.enigma/images/en1.gif</thumbnail>
        </dir>

        <dir>
            <title>[COLOR blue]• [/COLOR][COLORgainsboro]Evolution[/COLOR]</title>
            <docuh>dhcategory/evolution</docuh>
			<thumbnail>special://home/addons/plugin.video.enigma/images/en1.gif</thumbnail>
        </dir>

        <dir>
            <title>[COLOR blue]• [/COLOR][COLORgainsboro]Gangs[/COLOR]</title>
            <docuh>dhcategory/gangs</docuh>
			<thumbnail>special://home/addons/plugin.video.enigma/images/en1.gif</thumbnail>
        </dir>

        <dir>
            <title>[COLOR blue]• [/COLOR][COLORgainsboro]Health[/COLOR]</title>
            <docuh>dhcategory/health</docuh>
			<thumbnail>special://home/addons/plugin.video.enigma/images/en1.gif</thumbnail>
        </dir>

        <dir>
            <title>[COLOR blue]• [/COLOR][COLORgainsboro]History[/COLOR]</title>
            <docuh>dhcategory/history</docuh>
			<thumbnail>special://home/addons/plugin.video.enigma/images/en1.gif</thumbnail>
        </dir>

        <dir>
            <title>[COLOR blue]• [/COLOR][COLORgainsboro]Human Rights[/COLOR]</title>
            <docuh>dhcategory/human-rights</docuh>
			<thumbnail>special://home/addons/plugin.video.enigma/images/en1.gif</thumbnail>
        </dir>

        <dir>
            <title>[COLOR blue]• [/COLOR][COLORgainsboro]Lifestyle[/COLOR]</title>
            <docuh>dhcategory/lifestyle</docuh>
			<thumbnail>special://home/addons/plugin.video.enigma/images/en1.gif</thumbnail>
        </dir>

        <dir>
            <title>[COLOR blue]• [/COLOR][COLORgainsboro]Movies[/COLOR]</title>
            <docuh>dhcategory/movies</docuh>
			<thumbnail>special://home/addons/plugin.video.enigma/images/en1.gif</thumbnail>
        </dir>

        <dir>
            <title>[COLOR blue]• [/COLOR][COLORgainsboro]Music[/COLOR]</title>
            <docuh>dhcategory/music</docuh>
			<thumbnail>special://home/addons/plugin.video.enigma/images/en1.gif</thumbnail>
        </dir>

        <dir>
            <title>[COLOR blue]• [/COLOR][COLORgainsboro]Mystery[/COLOR]</title>
            <docuh>dhcategory/mystery</docuh>
			<thumbnail>special://home/addons/plugin.video.enigma/images/en1.gif</thumbnail>
        </dir>

        <dir>
            <title>[COLOR blue]• [/COLOR][COLORgainsboro]Nature[/COLOR]</title>
            <docuh>dhcategory/nature</docuh>
			<thumbnail>special://home/addons/plugin.video.enigma/images/en1.gif</thumbnail>
        </dir>

        <dir>
            <title>[COLOR blue]• [/COLOR][COLORgainsboro]News and Politics[/COLOR]</title>
            <docuh>dhcategory/news-politics</docuh>
			<thumbnail>special://home/addons/plugin.video.enigma/images/en1.gif</thumbnail>
        </dir>

        <dir>
            <title>[COLOR blue]• [/COLOR][COLORgainsboro]Performing Arts[/COLOR]</title>
            <docuh>dhcategory/performing-arts</docuh>
			<thumbnail>special://home/addons/plugin.video.enigma/images/en1.gif</thumbnail>
        </dir>

        <dir>
            <title>[COLOR blue]• [/COLOR][COLORgainsboro]Philosophy[/COLOR]</title>
            <docuh>dhcategory/philosophy</docuh>
			<thumbnail>special://home/addons/plugin.video.enigma/images/en1.gif</thumbnail>
        </dir>


        <dir>
            <title>[COLOR blue]• [/COLOR][COLORgainsboro]Psychology[/COLOR]</title>
            <docuh>dhcategory/psychology</docuh>
			<thumbnail>special://home/addons/plugin.video.enigma/images/en1.gif</thumbnail>
        </dir>

        <dir>
            <title>[COLOR blue]• [/COLOR][COLORgainsboro]Religion[/COLOR]</title>
            <docuh>dhcategory/religion</docuh>
			<thumbnail>special://home/addons/plugin.video.enigma/images/en1.gif</thumbnail>
        </dir>

        <dir>
            <title>[COLOR blue]• [/COLOR][COLORgainsboro]Science[/COLOR]</title>
            <docuh>dhcategory/science</docuh>
			<thumbnail>special://home/addons/plugin.video.enigma/images/en1.gif</thumbnail>
        </dir>

        <dir>
            <title>[COLOR blue]• [/COLOR][COLORgainsboro]Society[/COLOR]</title>
            <docuh>dhcategory/society</docuh>
			<thumbnail>special://home/addons/plugin.video.enigma/images/en1.gif</thumbnail>
        </dir>

        <dir>
            <title>[COLOR blue]• [/COLOR][COLORgainsboro]Space[/COLOR]</title>
            <docuh>dhcategory/space</docuh>
			<thumbnail>special://home/addons/plugin.video.enigma/images/en1.gif</thumbnail>
        </dir>

        <dir>
            <title>[COLOR blue]• [/COLOR][COLORgainsboro]Spiritual[/COLOR]</title>
            <docuh>dhcategory/spiritual</docuh>
			<thumbnail>special://home/addons/plugin.video.enigma/images/en1.gif</thumbnail>
        </dir>

        <dir>
            <title>[COLOR blue]• [/COLOR][COLORgainsboro]Sport and Adventure[/COLOR]</title>
            <docuh>dhcategory/sportadventure</docuh>
			<thumbnail>special://home/addons/plugin.video.enigma/images/en1.gif</thumbnail>
        </dir>

        <dir>
            <title>[COLOR blue]• [/COLOR][COLORgainsboro]Technology[/COLOR]</title>
            <docuh>dhcategory/technology</docuh>
			<thumbnail>special://home/addons/plugin.video.enigma/images/en1.gif</thumbnail>
        </dir>

        <dir>
            <title>[COLOR blue]• [/COLOR][COLORgainsboro]War[/COLOR]</title>
            <docuh>dhcategory/war</docuh>
			<thumbnail>special://home/addons/plugin.video.enigma/images/en1.gif</thumbnail>
        </dir>