<?xml version="1.0" encoding="UTF-8"?>
<window>
    <coordinates>
        <left>110</left>
        <top>55</top>
    </coordinates>
    <controls>
        <control type="group">
				<top>0</top>
			   <left>1380</left>
            <control type="image">
                <left>-150</left>
                <top>-60</top>
                <width>1000</width>
                <height>100%</height>
                <texture border="2">ContentPanel.png</texture>
            </control>
            <control type="image" id="101">   
                <posx>-145</posx>
                <top>10</top>
                <width>640</width>
                <height>950</height>
				<visible>Player.Playing</visible> --> -->
            </control>

           <control type="label" id="102">           
                <posx>410</posx>
                <posy>340</posy>
                <width>500</width>
                <height>60</height>
                <font>font-22b</font>
                <label>Recomendation</label>
                 <align>right</align>
                
            </control>
			<control type="label" id="105">           
                <posx>410</posx>
                <posy>390</posy>
                <width>650</width>
                <height>60</height>
                <font>font14</font>
                <label>Genere</label>
                <align>right</align>
                
            </control>
            <control type="image" id="103">                        
                <posx>-145</posx>
                <posy>-80</posy>
                <width>660</width>
                <height>460</height>
                <aspectratio aligny="center" align="center">keep</aspectratio>
                
            </control>
            <control type="textbox" id="104">           
                <right>125</right>
                <top>450</top>
                <width>550</width>
                <height>390</height>
                <font>font-22b</font>
				 <label>Loading...</label>
                <align>right</align>
				<scrolltime>5500</scrolltime>
				<autoscroll delay="5000" time="5000" repeat="10000">!Control.HasFocus(13)</autoscroll>
                <!-- <aligny>top</aligny> -->
                <colordiffuse>FFFF00FF</colordiffuse>
                <pagecontrol>105</pagecontrol>
            </control>
			<control type="progress" id="3014">
				<width>450</width>
				<top>860</top>
				<left>-70</left>
				<height>15</height>
				<reveal>true</reveal>
				<righttexture></righttexture>
				<overlaytexture></overlaytexture>
				<lefttexture></lefttexture>
				<texturebg colordiffuse="00ffffff">white.jpg</texturebg>
				<midtexture colordiffuse="FFFF4081">white.jpg</midtexture>
			</control>
			<control type="label" id="3015">
				<top>850</top>
				<left>-120</left>
				<height>35</height>
				<left>790</left>
				<aligny>center</aligny>
				<font>font-20</font>
				<textcolor>eeffffff</textcolor>
				<basecolor>00000000</basecolor>
				
				
			</control>
			<control type="label" id="3016">
				<top>885</top>
				<left>0</left>
				<height>35</height>
				<left>790</left>
				<aligny>center</aligny>
				<font>font-20</font>
				<textcolor>eeffffff</textcolor>
				<basecolor>00000000</basecolor>
				
				
			</control>
        </control>
       <control type="group">                          
		       <top>930</top>
			   <left>1327</left>
            <control type="button" id="201">
                <left>-20</left> -->
                <!-- <top>890</top> -->
                <width>200</width>
                <height>60</height>
                <font>font12</font>
                <textcolor>FFF0F0F0</textcolor>
                <label>Play</label>
                <align>center</align>
                <aligny>center</aligny>
                <texturefocus colordiffuse="FF12B2E7">Button/testbuttonfo.png</texturefocus>
                <texturenofocus>Button/testbuttonnf.png</texturenofocus>
                <onleft>202</onleft>
                <onright>202</onright>
                <onup>105</onup>
                <ondown>105</ondown>
            </control>
            <control type="button" id="202">
               <left>220</left> -->
                <!-- <top>890</top> -->
                <width>200</width>
                <height>60</height>
                <font>font12</font>
                <textcolor>FFF0F0F0</textcolor>
                <textoffsetx>20</textoffsetx>
                <label>Close</label>
                <align>center</align>
                <aligny>center</aligny>
                <texturefocus colordiffuse="FF12B2E7">Button/testbuttonfo.png</texturefocus>
                <texturenofocus>Button/testbuttonnf.png</texturenofocus>
                <onleft>201</onleft>
                <onright>201</onright>
                <onup>105</onup>
                <ondown>105</ondown>
            </control>
        </control>
    </controls>
</window>
