<dir>
    <title>[COLORlightgrey]2019 Movies[/COLOR]</title>
    <tmdb>year/movies/2019</tmdb>
</dir>

<dir>
    <title>[COLORlightgrey]2018 Movies[/COLOR]</title>
    <tmdb>year/movies/2018</tmdb>
</dir>

<dir>
    <title>[COLORlightgrey]2017 Movies[/COLOR]</title>
    <tmdb>year/movies/2017</tmdb>
</dir>

<dir>
    <title>[COLORlightgrey]2016 Movies[/COLOR]</title>
    <tmdb>year/movies/2016</tmdb>
</dir>

<dir>
    <title>[COLORlightgrey]2015 Movies[/COLOR]</title>
    <tmdb>year/movies/2015</tmdb>
</dir>

<dir>
    <title>[COLORlightgrey]2014 Movies[/COLOR]</title>
    <tmdb>year/movies/2014</tmdb>
</dir>

<dir>
    <title>[COLORlightgrey]2013 Movies[/COLOR]</title>
    <tmdb>year/movies/2013</tmdb>
</dir>

<dir>
    <title>[COLORlightgrey]2012 Movies[/COLOR]</title>
    <tmdb>year/movies/2012</tmdb>
</dir>

<dir>
    <title>[COLORlightgrey]2011 Movies[/COLOR]</title>
    <tmdb>year/movies/2011</tmdb>
</dir>

<dir>
    <title>[COLORlightgrey]2010 Movies[/COLOR]</title>
    <tmdb>year/movies/2010</tmdb>
</dir>

<dir>
    <title>[COLORlightgrey]2009 Movies[/COLOR]</title>
    <tmdb>year/movies/2009</tmdb>
</dir>

<dir>
    <title>[COLORlightgrey]2008 Movies[/COLOR]</title>
    <tmdb>year/movies/2008</tmdb>
</dir>

<dir>
    <title>[COLORlightgrey]2007 Movies[/COLOR]</title>
    <tmdb>year/movies/2007</tmdb>
</dir>

<dir>
    <title>[COLORlightgrey]2006 Movies[/COLOR]</title>
    <tmdb>year/movies/2006</tmdb>
</dir>

<dir>
    <title>[COLORlightgrey]2005 Movies[/COLOR]</title>
    <tmdb>year/movies/2005</tmdb>
</dir>

<dir>
    <title>[COLORlightgrey]2004 Movies[/COLOR]</title>
    <tmdb>year/movies/2004</tmdb>
</dir>

<dir>
    <title>[COLORlightgrey]2003 Movies[/COLOR]</title>
    <tmdb>year/movies/2003</tmdb>
</dir>

<dir>
    <title>[COLORlightgrey]2002 Movies[/COLOR]</title>
    <tmdb>year/movies/2002</tmdb>
</dir>

<dir>
    <title>[COLORlightgrey]2001 Movies[/COLOR]</title>
    <tmdb>year/movies/2001</tmdb>
</dir>

<dir>
    <title>[COLORlightgrey]2000 Movies[/COLOR]</title>
    <tmdb>year/movies/2000</tmdb>
</dir>

<dir>
    <title>[COLORlightgrey]1980 - 1999 Movies[/COLOR]</title>
    <link>https://raw.githubusercontent.com/tilliferret/ferretworld/master/1999.xml</link>
</dir>

<dir>
    <title>[COLORlightgrey]1960 - 1979 Movies[/COLOR]</title>
    <link>https://raw.githubusercontent.com/tilliferret/ferretworld/master/1979.xml</link>
</dir>

<dir>
    <title>[COLORlightgrey]1940 - 1959 Movies[/COLOR]</title>
    <link>https://raw.githubusercontent.com/tilliferret/ferretworld/master/1959.xml</link>
</dir>

<dir>
    <title>[COLORlightgrey]1920 - 1939 Movies[/COLOR]</title>
    <link>https://raw.githubusercontent.com/tilliferret/ferretworld/master/1939.xml</link>
</dir>

<dir>
    <title>[COLORlightgrey]1900 - 1919 Movies[/COLOR]</title>
    <link>https://raw.githubusercontent.com/tilliferret/ferretworld/master/1919.xml</link>
</dir>
