<?xml version="1.0" encoding="UTF-8" standalone="yes"?>
<addon id="plugin.video.classicbnwmoviesghost" name="BNW Movies Ghost" version="1.0.1" provider-name="Ghost">
  <requires>
    <import addon="xbmc.python" version="2.1.0"/>
    <import addon="script.module.addon.common" version="2.0.0"/>
  </requires>
  <extension point="xbmc.python.pluginsource" library="default.py">
        <provides>video</provides>
  </extension>
  <extension point="xbmc.addon.metadata">
    <summary lang="en">Old Movies, Black and White Movies, Classic Movies</summary>
    <description lang="en">Watch Classic Black and White Movies From bnwmovies.com</description>
    <platform>all</platform>
  </extension>
</addon>
