<?xml version="1.0" encoding="UTF-8" standalone="yes"?>
<addon id="script.thecrew.metadata" version="0.0.3" name="[COLOR deeppink]THE CREW METADATA[/COLOR]" provider-name="The Crew">
    <requires>
        <import addon="xbmc.python" version="2.19.0"/>
    </requires>
    <extension point="xbmc.python.module" library="lib" />
    <extension point="xbmc.addon.metadata">
        <summary>The Crew</summary>
        <description></description>
        <platform>all</platform>
    </extension>
</addon>
