<?xml version="1.0" encoding="UTF-8" standalone="yes"?>
<addon id="plugin.video.Gallifrey"                                                                                                                                    
	   name="Gallifrey"                                                 
	   version="1.0.8"                                                                                                                                        
	   provider-name="Gallifrey">
  <requires>
	<import addon="script.module.resolveurl"/>
  </requires>
  <extension point="xbmc.python.pluginsource"
            library="default.py">
        <provides>video</provides>
  </extension>
  <extension library="resources/modules/" point="xbmc.python.module" />
  <extension library="resources/sources/" point="xbmc.python.module" />
  <extension library="resources/" point="xbmc.python.module" />
  <extension point="xbmc.addon.metadata">
	<reuselanguageinvoker>true</reuselanguageinvoker>
    <summary lang="en">Gallifrey Is A Complete Collection Of Doctor Who</summary>
    <description lang="en">Welcome To The Tardis</description>
	
    <platform>all</platform>
	<assets>
            <icon>icon.png</icon>
            <fanart>fanart.jpg</fanart>
    </assets>
  </extension>
  
</addon>
