<?xml version="1.0" encoding="UTF-8"?>
<window>
    <coordinates>
        <left>110</left>
        <top>55</top>
    </coordinates>
    <controls>
        <control type="group">
            <control type="image">
                <left>0</left>
                <top>0</top>
                <width>1700</width>
                <height>970</height>
                <texture>Background/ContentPanel.png</texture>
            </control>
            <control type="image" id="101">
                <left>20</left>
                <top>20</top>
                <width>1660</width>
                <height>930</height>
            </control>
            <control type="label" id="102">
                <posx>20</posx>
                <posy>20</posy>
                <width>1660</width>
                <height>60</height>
                <font>font14</font>
                <label></label>
                <align>center</align>
                <aligny>center</aligny>
                <visible>Skin.String(headertexttype)</visible>
            </control>
            <control type="image" id="103">
                <posx>20</posx>
                <posy>20</posy>
                <width>1660</width>
                <height>60</height>
                <aspectratio aligny="center" align="center">keep</aspectratio>
                <visible>Skin.String(headerimagetype)</visible>
            </control>
            <control type="textbox" id="104">
                <left>40</left>
                <top>260</top>
                <width>900</width>
                <height>660</height>
                <font>font25_title</font>
                <align>left</align>
                <aligny>top</aligny>
                <colordiffuse>FFFF00FF</colordiffuse>
                <pagecontrol>105</pagecontrol>
            </control>
            <control type="scrollbar" id="105">
                <left>1645</left>
                <top>70</top>
                <width>30</width>
                <height>790</height>
                <subtype>text</subtype>
                <visible>true</visible>
                <texturesliderbackground>Button/scrollbar-V-background.png</texturesliderbackground>
                <texturesliderbar>Button/scrollbar-V.png</texturesliderbar>
                <texturesliderbarfocus colordiffuse="FF12B2E7">Button/scrollbar-V-focus.png</texturesliderbarfocus>
                <orientation>vertical</orientation>
                <showonepage>true</showonepage>
                <onup>201</onup>
                <ondown>201</ondown>
                <onleft>201</onleft>
                <onright>201</onright>
            </control>
        </control>
        <control type="group">
			<control type="image">
                <left>150</left>
                <top>20</top>
                <width>600</width>
                <height>200</height>
                <texture>elekta_logo.png</texture>
            </control>
			<control type="image">
                <left>1040</left>
                <top>30</top>
                <width>600</width>
                <height>600</height>
                <texture>elekta_icon.png</texture>
            </control>
            <control type="button" id="201">
                <left>1060</left>
                <top>880</top>
                <width>300</width>
                <height>60</height>
                <font>font12</font>
                <textcolor>FFF0F0F0</textcolor>
                <label>Dismiss</label>
                <align>center</align>
                <aligny>center</aligny>
                <texturefocus colordiffuse="FF12B2E7">Button/testbuttonfo.png</texturefocus>
                <texturenofocus>Button/testbuttonnf.png</texturenofocus>
                <onleft>202</onleft>
                <onright>202</onright>
                <onup>105</onup>
                <ondown>105</ondown>
            </control>
            <control type="button" id="202">
                <left>1370</left>
                <top>880</top>
                <width>300</width>
                <height>60</height>
                <font>font12</font>
                <textcolor>FFF0F0F0</textcolor>
                <textoffsetx>20</textoffsetx>
                <label>Remind Me Later</label>
                <align>center</align>
                <aligny>center</aligny>
                <texturefocus colordiffuse="FF12B2E7">Button/testbuttonfo.png</texturefocus>
                <texturenofocus>Button/testbuttonnf.png</texturenofocus>
                <onleft>201</onleft>
                <onright>201</onright>
                <onup>105</onup>
                <ondown>105</ondown>
            </control>
        </control>
    </controls>
</window>
