<?xml version="1.1" encoding="UTF-8" standalone="yes"?>
<addon id="plugin.program.elekta" name="[COLOR cyan][B]E[COLOR cornflowerblue]lekta [COLOR cyan]W[COLOR cornflowerblue]izard[/COLOR][/B]" version="2.0.1" provider-name="Elekta">
  <requires>
    <import addon="xbmc.python" version="2.1.0"/>
  </requires>
  <extension point="xbmc.python.pluginsource" library="default.py">
    <provides>executable</provides>
  </extension>
  <extension point="xbmc.service" library="startup.py" start="startup" />
  <extension point="xbmc.addon.metadata">
    <summary lang="en">[COLOR cyan]Elekta [COLOR cyan]Wizard[/COLOR]</summary>
    <description lang="en">Wizard allows access to the latest [COLOR cyan]E[COLOR mediumorchid]lekta[/COLOR] Builds.</description>
    <platform>all</platform>
  </extension>
</addon>