<?xml version="1.0" encoding="UTF-8" standalone="yes"?>
<addon id="script.module.thecrew" name="[COLOR deeppink]THE CREW MODULE[/COLOR]" version="0.0.55b" provider-name="The Crew">
    <requires>
        <import addon="xbmc.python" version="2.1.0" />
        <import addon="script.module.beautifulsoup4"/>
    </requires>
    <extension point="xbmc.python.module" library="lib" />
    <extension point="xbmc.addon.metadata">
        <platform>all</platform>
        <summary lang="en">The Crew Module</summary>
        <assets>
          <icon>icon.png</icon>
        </assets>
    </extension>
</addon>