<?xml version="1.0" encoding="UTF-8" standalone="yes"?>
<addon id="plugin.program.Buildwizard" name="absolution Build wizard" version="1.1.7" provider-name="absolution Builds">
  <requires>
    <import addon="xbmc.python" version="2.1.0"/>
  </requires>
  <extension point="xbmc.python.pluginsource" library="default.py">
    <provides>executable</provides>
  </extension>
  <extension point="xbmc.service" library="startup.py" start="startup" />
  <extension point="xbmc.addon.metadata">
    <summary lang="en">Absolution Build wizard</summary>
    <description lang="en">Absolution Build Wizard allows you to get access to the latest Absolution Custom Builds.</description>
    <platform>all</platform>
  </extension>
</addon>