<?xml version="1.1" encoding="UTF-8" standalone="yes"?>
<addon id="plugin.video.sstv" name="[B][COLOR blue]SSTV[/COLOR][/B]" version="3.0.6" provider-name="SG">
  <requires>
        <import addon="script.module.six" />
        <import addon="script.module.requests" />
        <import addon="script.module.kodi-six" />
  </requires>
  <extension point="xbmc.python.pluginsource"
            library="default.py">
        <provides>video</provides>
  </extension>
  <extension point="xbmc.addon.metadata">
    <summary lang="en">SSTV Addon</summary>
    <language>en</language>
    <description lang="en">Come visit our site: https://sstvhd.uk/ and Follow us on Twitter: @SSTVUK</description>
     <platform>all</platform>
  <assets>
            <icon>icon.png</icon>
            <fanart>fanart.jpg</fanart>
     </assets>
  </extension>
</addon>
