<dir>
    <title>[COLOR aquamarine]• [/COLOR][COLORlightcyan]Action & Adventure[/COLOR]</title>
    <tmdb>genre/shows/10759</tmdb>
	<thumbnail>special://home/addons/plugin.video.enigma/images/en1.gif</thumbnail>
</dir>

<dir>
    <title>[COLOR aquamarine]• [/COLOR][COLORlightcyan]Animation[/COLOR]</title>
    <tmdb>genre/shows/16</tmdb>
	<thumbnail>special://home/addons/plugin.video.enigma/images/en1.gif</thumbnail>
</dir>

<dir>
    <title>[COLOR aquamarine]• [/COLOR][COLORlightcyan]Comedy[/COLOR]</title>
    <tmdb>genre/shows/35</tmdb>
	<thumbnail>special://home/addons/plugin.video.enigma/images/en1.gif</thumbnail>
</dir>

<dir>
    <title>[COLOR aquamarine]• [/COLOR][COLORlightcyan]Crime[/COLOR]</title>
    <tmdb>genre/shows/80</tmdb>
	<thumbnail>special://home/addons/plugin.video.enigma/images/en1.gif</thumbnail>
</dir>

<dir>
    <title>[COLOR aquamarine]• [/COLOR][COLORlightcyan]Documentary[/COLOR]</title>
    <tmdb>genre/shows/99</tmdb>
	<thumbnail>special://home/addons/plugin.video.enigma/images/en1.gif</thumbnail>
</dir>

<dir>
    <title>[COLOR aquamarine]• [/COLOR][COLORlightcyan]Drama[/COLOR]</title>
    <tmdb>genre/shows/18</tmdb>
	<thumbnail>special://home/addons/plugin.video.enigma/images/en1.gif</thumbnail>
</dir>

<dir>
    <title>[COLOR aquamarine]• [/COLOR][COLORlightcyan]Family[/COLOR]</title>
    <tmdb>genre/shows/10751</tmdb>
	<thumbnail>special://home/addons/plugin.video.enigma/images/en1.gif</thumbnail>
</dir>

<dir>
    <title>[COLOR aquamarine]• [/COLOR][COLORlightcyan]Kids[/COLOR]</title>
    <tmdb>genre/shows/10762</tmdb>
	<thumbnail>special://home/addons/plugin.video.enigma/images/en1.gif</thumbnail>
</dir>

<dir>
    <title>[COLOR aquamarine]• [/COLOR][COLORlightcyan]Mystery[/COLOR]</title>
    <tmdb>genre/shows/9648</tmdb>
	<thumbnail>special://home/addons/plugin.video.enigma/images/en1.gif</thumbnail>
</dir>

<dir>
    <title>[COLOR aquamarine]• [/COLOR][COLORlightcyan]News[/COLOR]</title>
    <tmdb>genre/shows/10763</tmdb>
	<thumbnail>special://home/addons/plugin.video.enigma/images/en1.gif</thumbnail>
</dir>

<dir>
    <title>[COLOR aquamarine]• [/COLOR][COLORlightcyan]Reality[/COLOR]</title>
    <tmdb>genre/shows/10764</tmdb>
	<thumbnail>special://home/addons/plugin.video.enigma/images/en1.gif</thumbnail>
</dir>

<dir>
    <title>[COLOR aquamarine]• [/COLOR][COLORlightcyan]Sci-Fi & Fantasy[/COLOR]</title>
    <tmdb>genre/shows/10765</tmdb>
	<thumbnail>special://home/addons/plugin.video.enigma/images/en1.gif</thumbnail>
</dir>

<dir>
    <title>[COLOR aquamarine]• [/COLOR][COLORlightcyan]Soap[/COLOR]</title>
    <tmdb>genre/shows/10766</tmdb>
	<thumbnail>special://home/addons/plugin.video.enigma/images/en1.gif</thumbnail>
</dir>

<dir>
    <title>[COLOR aquamarine]• [/COLOR][COLORlightcyan]War & Politics[/COLOR]</title>
    <tmdb>genre/shows/10768</tmdb>
	<thumbnail>special://home/addons/plugin.video.enigma/images/en1.gif</thumbnail>
</dir>

<dir>
    <title>[COLOR aquamarine]• [/COLOR][COLORlightcyan]Western[/COLOR]</title>
    <tmdb>genre/shows/37</tmdb>
	<thumbnail>special://home/addons/plugin.video.enigma/images/en1.gif</thumbnail>
</dir>

