<dir>
    <title>[COLOR aquamarine]• [/COLOR][COLORlightcyan]A&E[/COLOR]</title>
    <tmdb>network/shows/129</tmdb>
    <thumbnail>special://home/addons/plugin.video.enigma/images/en1.gif</thumbnail>
    <fantart></fantart>
</dir>

<dir>
    <title>[COLOR aquamarine]• [/COLOR][COLORlightcyan]ABC - Australia[/COLOR]</title>
    <tmdb>network/shows/18</tmdb>
	<thumbnail>special://home/addons/plugin.video.enigma/images/en1.gif</thumbnail>
</dir>

<dir>
    <title>[COLOR aquamarine]• [/COLOR][COLORlightcyan]ABC - US[/COLOR]</title>
    <tmdb>network/shows/2</tmdb>
	<thumbnail>special://home/addons/plugin.video.enigma/images/en1.gif</thumbnail>
</dir>

<dir>
    <title>[COLOR aquamarine]• [/COLOR][COLORlightcyan]ABC Family[/COLOR]</title>
    <tmdb>network/shows/75</tmdb>
    <thumbnail>special://home/addons/plugin.video.enigma/images/en1.gif</thumbnail>
    <fantart></fantart>
</dir>

<dir>
    <title>[COLOR aquamarine]• [/COLOR][COLORlightcyan]Adult Swim[/COLOR]</title>
    <tmdb>network/shows/80</tmdb>
    <thumbnail>special://home/addons/plugin.video.enigma/images/en1.gif</thumbnail>
    <fantart></fantart>
</dir>

<dir>
    <title>[COLOR aquamarine]• [/COLOR][COLORlightcyan]Amazon[/COLOR]</title>
    <tmdb>network/shows/1024</tmdb>
    <thumbnail>special://home/addons/plugin.video.enigma/images/en1.gif</thumbnail>
    <fantart></fantart>
</dir>

<dir>
    <title>[COLOR aquamarine]• [/COLOR][COLORlightcyan]AMC[/COLOR]</title>
    <tmdb>network/shows/174</tmdb>
</dir>

<dir>
    <title>[COLOR aquamarine]• [/COLOR][COLORlightcyan]Animal Planet[/COLOR]</title>
    <tmdb>network/shows/91</tmdb>
    <thumbnail>special://home/addons/plugin.video.enigma/images/en1.gif</thumbnail>
    <fantart></fantart>
</dir>

<dir>
    <title>[COLOR aquamarine]• [/COLOR][COLORlightcyan]Animax[/COLOR]</title>
    <tmdb>network/shows/171</tmdb>
    <thumbnail>special://home/addons/plugin.video.enigma/images/en1.gif</thumbnail>
    <fantart></fantart>
</dir>

<dir>
    <title>[COLOR aquamarine]• [/COLOR][COLORlightcyan]BET[/COLOR]</title>
    <tmdb>network/shows/24</tmdb>
    <thumbnail>special://home/addons/plugin.video.enigma/images/en1.gif</thumbnail>
    <fantart></fantart>
</dir>

<dir>
    <title>[COLOR aquamarine]• [/COLOR][COLORlightcyan]BBC[/COLOR]</title>
    <tmdb>network/shows/7</tmdb>
    <thumbnail>special://home/addons/plugin.video.enigma/images/en1.gif</thumbnail>
    <fantart></fantart>
</dir>

<dir>
    <title>[COLOR aquamarine]• [/COLOR][COLORlightcyan]BBC America[/COLOR]</title>
    <tmdb>network/shows/493</tmdb>
    <thumbnail>special://home/addons/plugin.video.enigma/images/en1.gif</thumbnail>
    <fantart></fantart>
</dir>

<dir>
    <title>[COLOR aquamarine]• [/COLOR][COLORlightcyan]BBC One[/COLOR]</title>
    <tmdb>network/shows/4</tmdb>
    <thumbnail>special://home/addons/plugin.video.enigma/images/en1.gif</thumbnail>
    <fantart></fantart>
</dir>

<dir>
    <title>[COLOR aquamarine]• [/COLOR][COLORlightcyan]BBC Three[/COLOR]</title>
    <tmdb>network/shows/3</tmdb>
    <thumbnail>special://home/addons/plugin.video.enigma/images/en1.gif</thumbnail>
    <fantart></fantart>
</dir>

<dir>
    <title>[COLOR aquamarine]• [/COLOR][COLORlightcyan]BBC Four[/COLOR]</title>
    <tmdb>network/shows/100</tmdb>
    <thumbnail>special://home/addons/plugin.video.enigma/images/en1.gif</thumbnail>
    <fantart></fantart>
</dir>

<dir>
    <title>[COLOR aquamarine]• [/COLOR][COLORlightcyan]Biography[/COLOR]</title>
    <tmdb>network/shows/423</tmdb>
    <thumbnail>special://home/addons/plugin.video.enigma/images/en1.gif</thumbnail>
    <fantart></fantart>
</dir>

<dir>
    <title>[COLOR aquamarine]• [/COLOR][COLORlightcyan]Bravo[/COLOR]</title>
    <tmdb>network/shows/74</tmdb>
    <thumbnail>special://home/addons/plugin.video.enigma/images/en1.gif</thumbnail>
    <fantart></fantart>
</dir>

<dir>
    <title>[COLOR aquamarine]• [/COLOR][COLORlightcyan]Cartoon Network[/COLOR]</title>
    <tmdb>network/shows/56</tmdb>
    <thumbnail>special://home/addons/plugin.video.enigma/images/en1.gif</thumbnail>
    <fantart></fantart>
</dir>

<dir>
    <title>[COLOR aquamarine]• [/COLOR][COLORlightcyan]CBC[/COLOR]</title>
    <tmdb>network/shows/23</tmdb>
    <thumbnail>special://home/addons/plugin.video.enigma/images/en1.gif</thumbnail>
    <fantart></fantart>
</dir>

<dir>
    <title>[COLOR aquamarine]• [/COLOR][COLORlightcyan]CBS[/COLOR]</title>
    <tmdb>network/shows/16</tmdb>
    <thumbnail>special://home/addons/plugin.video.enigma/images/en1.gif</thumbnail>
    <fantart></fantart>
</dir>

<dir>
    <title>[COLOR aquamarine]• [/COLOR][COLORlightcyan]Channel 4[/COLOR]</title>
    <tmdb>network/shows/26</tmdb>
    <thumbnail>special://home/addons/plugin.video.enigma/images/en1.gif</thumbnail>
    <fantart></fantart>
</dir>

<dir>
    <title>[COLOR aquamarine]• [/COLOR][COLORlightcyan]Channel 5[/COLOR]</title>
    <tmdb>network/shows/99</tmdb>
    <thumbnail>special://home/addons/plugin.video.enigma/images/en1.gif</thumbnail>
    <fantart></fantart>
</dir>

<dir>
    <title>[COLOR aquamarine]• [/COLOR][COLORlightcyan]Cinemax[/COLOR]</title>
    <tmdb>network/shows/359</tmdb>
    <thumbnail>special://home/addons/plugin.video.enigma/images/en1.gif</thumbnail>
    <fantart></fantart>
</dir>

<dir>
    <title>[COLOR aquamarine]• [/COLOR][COLORlightcyan]City TV[/COLOR]</title>
    <tmdb>network/shows/92</tmdb>
    <thumbnail>special://home/addons/plugin.video.enigma/images/en1.gif</thumbnail>
    <fantart></fantart>
</dir>

<dir>
    <title>[COLOR aquamarine]• [/COLOR][COLORlightcyan]CMT[/COLOR]</title>
    <tmdb>network/shows/85</tmdb>
    <thumbnail>special://home/addons/plugin.video.enigma/images/en1.gif</thumbnail>
    <fantart></fantart>
</dir>

<dir>
    <title>[COLOR aquamarine]• [/COLOR][COLORlightcyan]CNBC[/COLOR]</title>
    <tmdb>network/shows/175</tmdb>
    <thumbnail>special://home/addons/plugin.video.enigma/images/en1.gif</thumbnail>
    <fantart></fantart>
</dir>

<dir>
    <title>[COLOR aquamarine]• [/COLOR][COLORlightcyan]CNN[/COLOR]</title>
    <tmdb>network/shows/59</tmdb>
    <thumbnail>special://home/addons/plugin.video.enigma/images/en1.gif</thumbnail>
    <fantart></fantart>
</dir>

<dir>
    <title>[COLOR aquamarine]• [/COLOR][COLORlightcyan]Comedy Central[/COLOR]</title>
    <tmdb>network/shows/47</tmdb>
    <thumbnail>special://home/addons/plugin.video.enigma/images/en1.gif</thumbnail>
    <fantart></fantart>
</dir>

<dir>
    <title>[COLOR aquamarine]• [/COLOR][COLORlightcyan]CTV[/COLOR]</title>
    <tmdb>network/shows/110</tmdb>
    <thumbnail>special://home/addons/plugin.video.enigma/images/en1.gif</thumbnail>
    <fantart></fantart>
</dir>

<dir>
    <title>[COLOR aquamarine]• [/COLOR][COLORlightcyan]The CW[/COLOR]</title>
    <tmdb>network/shows/71</tmdb>
    <thumbnail>special://home/addons/plugin.video.enigma/images/en1.gif</thumbnail>
    <fantart></fantart>
</dir>

<dir>
    <title>[COLOR aquamarine]• [/COLOR][COLORlightcyan]DIY Network[/COLOR]</title>
    <tmdb>network/shows/625</tmdb>
    <thumbnail>special://home/addons/plugin.video.enigma/images/en1.gif</thumbnail>
    <fantart></fantart>
</dir>

<dir>
    <title>[COLOR aquamarine]• [/COLOR][COLORlightcyan]Destination America[/COLOR]</title>
    <tmdb>network/shows/530</tmdb>
    <thumbnail>special://home/addons/plugin.video.enigma/images/en1.gif</thumbnail>
    <fantart></fantart>
</dir>

<dir>
    <title>[COLOR aquamarine]• [/COLOR][COLORlightcyan]Discovery[/COLOR]</title>
    <tmdb>network/shows/64</tmdb>
    <thumbnail>special://home/addons/plugin.video.enigma/images/en1.gif</thumbnail>
    <fantart></fantart>
</dir>

<dir>
    <title>[COLOR aquamarine]• [/COLOR][COLORlightcyan]Discovery Health[/COLOR]</title>
    <tmdb>network/shows/10</tmdb>
    <thumbnail>special://home/addons/plugin.video.enigma/images/en1.gif</thumbnail>
    <fantart></fantart>
</dir>

<dir>
    <title>[COLOR aquamarine]• [/COLOR][COLORlightcyan]Discovery Kids[/COLOR]</title>
    <tmdb>network/shows/22</tmdb>
    <thumbnail>special://home/addons/plugin.video.enigma/images/en1.gif</thumbnail>
    <fantart></fantart>
</dir>

<dir>
    <title>[COLOR aquamarine]• [/COLOR][COLORlightcyan]Disney Channel[/COLOR]</title>
    <tmdb>network/shows/54</tmdb>
    <thumbnail>special://home/addons/plugin.video.enigma/images/en1.gif</thumbnail>
    <fantart></fantart>
</dir>

<dir>
    <title>[COLOR aquamarine]• [/COLOR][COLORlightcyan]Disney XD[/COLOR]</title>
    <tmdb>network/shows/44</tmdb>
    <thumbnail>special://home/addons/plugin.video.enigma/images/en1.gif</thumbnail>
    <fantart></fantart>
</dir>

<dir>
    <title>[COLOR aquamarine]• [/COLOR][COLORlightcyan]E![/COLOR]</title>
    <tmdb>network/shows/76</tmdb>
    <thumbnail>special://home/addons/plugin.video.enigma/images/en1.gif</thumbnail>
    <fantart></fantart>
</dir>

<dir>
    <title>[COLOR aquamarine]• [/COLOR][COLORlightcyan]E4[/COLOR]</title>
    <tmdb>network/shows/136</tmdb>
    <thumbnail>special://home/addons/plugin.video.enigma/images/en1.gif</thumbnail>
    <fantart></fantart>
</dir>

<dir>
    <title>[COLOR aquamarine]• [/COLOR][COLORlightcyan]Food Network[/COLOR]</title>
    <tmdb>network/shows/143</tmdb>
    <thumbnail>special://home/addons/plugin.video.enigma/images/en1.gif</thumbnail>
    <fantart></fantart>
</dir>

<dir>
    <title>[COLOR aquamarine]• [/COLOR][COLORlightcyan]Fox[/COLOR]</title>
    <tmdb>network/shows/19</tmdb>
    <thumbnail>special://home/addons/plugin.video.enigma/images/en1.gif</thumbnail>
    <fantart></fantart>
</dir>

<dir>
    <title>[COLOR aquamarine]• [/COLOR][COLORlightcyan]Fuji TV[/COLOR]</title>
    <tmdb>network/shows/1</tmdb>
    <thumbnail>special://home/addons/plugin.video.enigma/images/en1.gif</thumbnail>
    <fantart></fantart>
</dir>

<dir>
    <title>[COLOR aquamarine]• [/COLOR][COLORlightcyan]Funimation[/COLOR]</title>
    <tmdb>network/shows/728</tmdb>
    <thumbnail>special://home/addons/plugin.video.enigma/images/en1.gif</thumbnail>
    <fantart></fantart>
</dir>

<dir>
    <title>[COLOR aquamarine]• [/COLOR][COLORlightcyan]FX[/COLOR]</title>
    <tmdb>network/shows/88</tmdb>
    <thumbnail>special://home/addons/plugin.video.enigma/images/en1.gif</thumbnail>
    <fantart></fantart>
</dir>

<dir>
    <title>[COLOR aquamarine]• [/COLOR][COLORlightcyan]FYI[/COLOR]</title>
    <tmdb>network/shows/1080</tmdb>
    <thumbnail>special://home/addons/plugin.video.enigma/images/en1.gif</thumbnail>
    <fantart></fantart>
</dir>

<dir>
    <title>[COLOR aquamarine]• [/COLOR][COLORlightcyan]Hallmark[/COLOR]</title>
    <tmdb>network/shows/384</tmdb>
    <thumbnail>special://home/addons/plugin.video.enigma/images/en1.gif</thumbnail>
    <fantart></fantart>
</dir>

<dir>
    <title>[COLOR aquamarine]• [/COLOR][COLORlightcyan]HBO[/COLOR]</title>
    <tmdb>network/shows/49</tmdb>
    <thumbnail>special://home/addons/plugin.video.enigma/images/en1.gif</thumbnail>
    <fantart></fantart>
</dir>

<dir>
    <title>[COLOR aquamarine]• [/COLOR][COLORlightcyan]HGTV[/COLOR]</title>
    <tmdb>network/shows/210</tmdb>
    <thumbnail>special://home/addons/plugin.video.enigma/images/en1.gif</thumbnail>
    <fantart></fantart>
</dir>

<dir>
    <title>[COLOR aquamarine]• [/COLOR][COLORlightcyan]History[/COLOR]</title>
    <tmdb>network/shows/65</tmdb>
    <thumbnail>special://home/addons/plugin.video.enigma/images/en1.gif</thumbnail>
    <fantart></fantart>
</dir>

<dir>
    <title>[COLOR aquamarine]• [/COLOR][COLORlightcyan]Hulu[/COLOR]</title>
    <tmdb>network/shows/453</tmdb>
    <thumbnail>special://home/addons/plugin.video.enigma/images/en1.gif</thumbnail>
    <fantart></fantart>
</dir>

<dir>
    <title>[COLOR aquamarine]• [/COLOR][COLORlightcyan]Investigation Discovery[/COLOR]</title>
    <tmdb>network/shows/244</tmdb>
    <thumbnail>special://home/addons/plugin.video.enigma/images/en1.gif</thumbnail>
    <fantart></fantart>
</dir>

<dir>
    <title>[COLOR aquamarine]• [/COLOR][COLORlightcyan]ITV[/COLOR]</title>
    <tmdb>network/shows/9</tmdb>
    <thumbnail>special://home/addons/plugin.video.enigma/images/en1.gif</thumbnail>
    <fantart></fantart>
</dir>

<dir>
    <title>[COLOR aquamarine]• [/COLOR][COLORlightcyan]The Lifestyle Channel[/COLOR]</title>
    <tmdb>network/shows/683</tmdb>
    <thumbnail>special://home/addons/plugin.video.enigma/images/en1.gif</thumbnail>
    <fantart></fantart>
</dir>

<dir>
    <title>[COLOR aquamarine]• [/COLOR][COLORlightcyan]Lifetime[/COLOR]</title>
    <tmdb>network/shows/34</tmdb>
    <thumbnail>special://home/addons/plugin.video.enigma/images/en1.gif</thumbnail>
    <fantart></fantart>
</dir>

<dir>
    <title>[COLOR aquamarine]• [/COLOR][COLORlightcyan]The Movie Network[/COLOR]</title>
    <tmdb>network/shows/245</tmdb>
    <thumbnail>special://home/addons/plugin.video.enigma/images/en1.gif</thumbnail>
    <fantart></fantart>
</dir>

<dir>
    <title>[COLOR aquamarine]• [/COLOR][COLORlightcyan]MSNBC[/COLOR]</title>
    <tmdb>network/shows/37</tmdb>
    <thumbnail>special://home/addons/plugin.video.enigma/images/en1.gif</thumbnail>
    <fantart></fantart>
</dir>

<dir>
    <title>[COLOR aquamarine]• [/COLOR][COLORlightcyan]MTV[/COLOR]</title>
    <tmdb>network/shows/33</tmdb>
    <thumbnail>special://home/addons/plugin.video.enigma/images/en1.gif</thumbnail>
    <fantart></fantart>
</dir>

<dir>
    <title>[COLOR aquamarine]• [/COLOR][COLORlightcyan]Nat Geo Wild[/COLOR]</title>
    <tmdb>network/shows/1043</tmdb>
    <thumbnail>special://home/addons/plugin.video.enigma/images/en1.gif</thumbnail>
    <fantart></fantart>
</dir>

<dir>
    <title>[COLOR aquamarine]• [/COLOR][COLORlightcyan]National Geographic Channel[/COLOR]</title>
    <tmdb>network/shows/43</tmdb>
    <thumbnail>special://home/addons/plugin.video.enigma/images/en1.gif</thumbnail>
    <fantart></fantart>
</dir>

<dir>
    <title>[COLOR aquamarine]• [/COLOR][COLORlightcyan]NBC[/COLOR]</title>
    <tmdb>network/shows/6</tmdb>
    <thumbnail>special://home/addons/plugin.video.enigma/images/en1.gif</thumbnail>
    <fantart></fantart>
</dir>

<dir>
    <title>[COLOR aquamarine]• [/COLOR][COLORlightcyan]Netflix[/COLOR]</title>
    <tmdb>network/shows/213</tmdb>
    <thumbnail>special://home/addons/plugin.video.enigma/images/en1.gif</thumbnail>
    <fantart></fantart>
</dir>

<dir>
    <title>[COLOR aquamarine]• [/COLOR][COLORlightcyan]Network Ten[/COLOR]</title>
    <tmdb>network/shows/38</tmdb>
    <thumbnail>special://home/addons/plugin.video.enigma/images/en1.gif</thumbnail>
    <fantart></fantart>
</dir>

<dir>
    <title>[COLOR aquamarine]• [/COLOR][COLORlightcyan]Nickelodeon[/COLOR]</title>
    <tmdb>network/shows/13</tmdb>
    <thumbnail>special://home/addons/plugin.video.enigma/images/en1.gif</thumbnail>
    <fantart></fantart>
</dir>

<dir>
    <title>[COLOR aquamarine]• [/COLOR][COLORlightcyan]Nick Jr[/COLOR]</title>
    <tmdb>network/shows/35</tmdb>
    <thumbnail>special://home/addons/plugin.video.enigma/images/en1.gif</thumbnail>
    <fantart></fantart>
</dir>

<dir>
    <title>[COLOR aquamarine]• [/COLOR][COLORlightcyan]NickToons[/COLOR]</title>
    <tmdb>network/shows/224</tmdb>
    <thumbnail>special://home/addons/plugin.video.enigma/images/en1.gif</thumbnail>
    <fantart></fantart>
</dir>

<dir>
    <title>[COLOR aquamarine]• [/COLOR][COLORlightcyan]Oxygen[/COLOR]</title>
    <tmdb>network/shows/132</tmdb>
    <thumbnail>special://home/addons/plugin.video.enigma/images/en1.gif</thumbnail>
    <fantart></fantart>
</dir>

<dir>
    <title>[COLOR aquamarine]• [/COLOR][COLORlightcyan]PBS[/COLOR]</title>
    <tmdb>network/shows/14</tmdb>
    <thumbnail>special://home/addons/plugin.video.enigma/images/en1.gif</thumbnail>
    <fantart></fantart>
</dir>

<dir>
    <title>[COLOR aquamarine]• [/COLOR][COLORlightcyan]Showcase[/COLOR]</title>
    <tmdb>network/shows/105</tmdb>
    <thumbnail>special://home/addons/plugin.video.enigma/images/en1.gif</thumbnail>
    <fantart></fantart>
</dir>

<dir>
    <title>[COLOR aquamarine]• [/COLOR][COLORlightcyan]Showtime[/COLOR]</title>
    <tmdb>network/shows/67</tmdb>
    <thumbnail>special://home/addons/plugin.video.enigma/images/en1.gif</thumbnail>
    <fantart></fantart>
</dir>

<dir>
    <title>[COLOR aquamarine]• [/COLOR][COLORlightcyan]Space[/COLOR]</title>
    <tmdb>network/shows/170</tmdb>
    <thumbnail>special://home/addons/plugin.video.enigma/images/en1.gif</thumbnail>
    <fantart></fantart>
</dir>

<dir>
    <title>[COLOR aquamarine]• [/COLOR][COLORlightcyan]Spike[/COLOR]</title>
    <tmdb>network/shows/55</tmdb>
    <thumbnail>special://home/addons/plugin.video.enigma/images/en1.gif</thumbnail>
    <fantart></fantart>
</dir>

<dir>
    <title>[COLOR aquamarine]• [/COLOR][COLORlightcyan]Starz[/COLOR]</title>
    <tmdb>network/shows/318</tmdb>
    <thumbnail>special://home/addons/plugin.video.enigma/images/en1.gif</thumbnail>
    <fantart></fantart>
</dir>

<dir>
    <title>[COLOR aquamarine]• [/COLOR][COLORlightcyan]SyFy[/COLOR]</title>
    <tmdb>network/shows/77</tmdb>
    <thumbnail>special://home/addons/plugin.video.enigma/images/en1.gif</thumbnail>
    <fantart></fantart>
</dir>

<dir>
    <title>[COLOR aquamarine]• [/COLOR][COLORlightcyan]TBS[/COLOR]</title>
    <tmdb>network/shows/68</tmdb>
    <thumbnail>special://home/addons/plugin.video.enigma/images/en1.gif</thumbnail>
    <fantart></fantart>
</dir>

<dir>
    <title>[COLOR aquamarine]• [/COLOR][COLORlightcyan]Teletoon[/COLOR]</title>
    <tmdb>network/shows/83</tmdb>
    <thumbnail>special://home/addons/plugin.video.enigma/images/en1.gif</thumbnail>
    <fantart></fantart>
</dir>

<dir>
    <title>[COLOR aquamarine]• [/COLOR][COLORlightcyan]TLC[/COLOR]</title>
    <tmdb>network/shows/84</tmdb>
    <thumbnail>special://home/addons/plugin.video.enigma/images/en1.gif</thumbnail>
    <fantart></fantart>
</dir>

<dir>
    <title>[COLOR aquamarine]• [/COLOR][COLORlightcyan]TNT[/COLOR]</title>
    <tmdb>network/shows/41</tmdb>
    <thumbnail>special://home/addons/plugin.video.enigma/images/en1.gif</thumbnail>
    <fantart></fantart>
</dir>

<dir>
    <title>[COLOR aquamarine]• [/COLOR][COLORlightcyan]Travel Channel[/COLOR]</title>
    <tmdb>network/shows/209</tmdb>
    <thumbnail>special://home/addons/plugin.video.enigma/images/en1.gif</thumbnail>
    <fantart></fantart>
</dir>

<dir>
    <title>[COLOR aquamarine]• [/COLOR][COLORlightcyan]TV Land[/COLOR]</title>
    <tmdb>network/shows/397</tmdb>
    <thumbnail>special://home/addons/plugin.video.enigma/images/en1.gif</thumbnail>
    <fantart></fantart>
</dir>

<dir>
    <title>[COLOR aquamarine]• [/COLOR][COLORlightcyan]UPN[/COLOR]</title>
    <tmdb>network/shows/40</tmdb>
    <thumbnail>special://home/addons/plugin.video.enigma/images/en1.gif</thumbnail>
    <fantart></fantart>
</dir>

<dir>
    <title>[COLOR aquamarine]• [/COLOR][COLORlightcyan]USA[/COLOR]</title>
    <tmdb>network/shows/30</tmdb>
    <thumbnail>special://home/addons/plugin.video.enigma/images/en1.gif</thumbnail>
    <fantart></fantart>
</dir>

<dir>
    <title>[COLOR aquamarine]• [/COLOR][COLORlightcyan]VH1[/COLOR]</title>
    <tmdb>network/shows/158</tmdb>
    <thumbnail>special://home/addons/plugin.video.enigma/images/en1.gif</thumbnail>
    <fantart></fantart>
</dir>

<dir>
    <title>[COLOR aquamarine]• [/COLOR][COLORlightcyan]Velocity[/COLOR]</title>
    <tmdb>network/shows/435</tmdb>
    <thumbnail>special://home/addons/plugin.video.enigma/images/en1.gif</thumbnail>
    <fantart></fantart>
</dir>

<dir>
    <title>[COLOR aquamarine]• [/COLOR][COLORlightcyan]The WB[/COLOR]</title>
    <tmdb>network/shows/21</tmdb>
    <thumbnail>special://home/addons/plugin.video.enigma/images/en1.gif</thumbnail>
    <fantart></fantart>
</dir>

<dir>
    <title>[COLOR aquamarine]• [/COLOR][COLORlightcyan]YTV[/COLOR]</title>
    <tmdb>network/shows/46</tmdb>
    <thumbnail>special://home/addons/plugin.video.enigma/images/en1.gif</thumbnail>
    <fantart></fantart>
</dir>