<?xml version="1.1" encoding="UTF-8" standalone="yes"?>
<addon id="script.module.python.koding.aio.alt" name="Python Koding AIO Alternate" version="1.1" provider-name="Total Revolution">
    <requires>
        <import addon="xbmc.python" version="2.25.0"/>
        <import addon="script.module.resolveurl" />
        <import addon="script.module.requests" />
        <import addon="script.module.beautifulsoup" />
        <import addon="script.module.unidecode" />
    </requires>
    <extension point="xbmc.python.module" library="lib" />
    <extension point="xbmc.addon.metadata">
        <platform>all</platform>
        <summary lang="en">Python Koding All In One</summary>
        <description lang="en">Python Koding AIO contains a bunch of time saving modules that allows for quick and simple development. This is an alterrnate fork that uses ResolveURL instead of URL Resolver.</description>
        <disclaimer lang="en"/>
        <language/>
        <license>Creative Commons 4.0-NC-ND</license>
        <forum>http://totalrevolution.tv/forum</forum>
        <website>http://totalrevolution.tv</website>
        <news>1.0 Stable release</news>
        <source>https://github.com/totalrevolution/python-koding/tree/master/script.module.python.koding.aio</source>
    </extension>
</addon>
