<?xml version="1.0" encoding="UTF-8" standalone="yes"?>
<addon id="plugin.video.sstv" name="[B][COLOR blue]SSTV[/COLOR][/B]" version="4.1" provider-name="THE CREW">
    <requires>
        <import addon="script.module.requests" />
        <import addon="script.module.kodi-six" />
        <import addon="script.module.m3u8" />
    </requires>
    <extension point="xbmc.python.pluginsource" library="default.py">
        <provides>video</provides>
    </extension>
    <extension point="xbmc.addon.metadata">
        <summary lang="en">SSTV Kodi Addon</summary>
        <language>en</language>
        <description lang="en">Come visit our site: https://sstvhd.uk/ and Follow us on Twitter: @SSTVUK.</description>
        <platform>all</platform>
        <assets>
            <icon>icon.png</icon>
            <fanart>fanart.jpg</fanart>
        </assets>
    </extension>
</addon>
