<?xml version="1.0" encoding="UTF-8" standalone="yes"?>
<addon id="script.module.freetv2" name="Free Tv" version="9.9.9" provider-name="Ghost">
  <requires>
    <import addon="xbmc.python" version="2.25.0"/>
    <import addon="xbmc.addon" version="17.0.0"/>
    <import addon="script.module.pyamf" />
    <import addon="script.module.kodi-six" />
    <import addon="script.module.future" />
    <import addon="script.module.requests" />
    <import addon="script.module.routing" />
  </requires>
  <extension point="xbmc.python.pluginsource" library="addon.py">
    <provides>all</provides>
  </extension>
  <extension point="xbmc.addon.metadata">
    <reuselanguageinvoker>true</reuselanguageinvoker>
    <summary lang="en_gb">This module has been cloned from the Racc TvOne add-on.All credits to him.</summary>
    <description lang="en_gb">Ghost</description>
    <disclaimer lang="en_gb"></disclaimer>
    <platform>all</platform>
    <license></license>
   </extension>
</addon>
