<?xml version="1.0" encoding="UTF-8" standalone="yes"?>
<addon id="plugin.program.breezz19wizard" name="[COLORred]Breezz 19 Wizard[/COLOR]" version="1.0.0" provider-name="Breezz">
	<requires>
		<import addon="xbmc.python" version="3.0.0"/>
	</requires>
	<extension point="xbmc.python.pluginsource" library="addon.py">
		<provides>executable</provides>
	</extension>
	<extension point="xbmc.service" library="service.py" />
	<extension point="xbmc.addon.metadata">
		<summary lang="en_GB">BREEZZ 19 WIZARD</summary>
		<description lang="en_GB">breezz new kodi 19 wizard</description>
		<disclaimer lang="en_GB">This Addon contains no content</disclaimer>
		<language>en</language>
		<platform>all</platform>
		<license>GPL-2.0-or-later</license>
		<forum></forum>
		<website></website> 
		<email></email>
		<source></source>
		<news>1.1.0 - Fixed Resolveurl path in save data. 1.0.9 - Added settings to main menu. 1.0.8 - Fixed percentage during build download, 1.0.7 - Added option to link to another xml or json file. This is good for teams or community wizards as each builder can have their own xml. Also changed format of the builds xml. Please refer to builds_newformat.xml located in the resources folder. The old format will still work but if the user is running an older version of the wizard, they'll only see the version number as the name. They'll want to update to fix that. 1.0.6 - Added Notifications Dialog. Special thanks to Blue for art and helping with the design. 1.0.5 - Bugfixes. 1.0.3 - Added download progress to build install. 1.0.2 - Added option to encode the buildfile variable to a base64 string. 1.0.1 - Added the option to use json for build file. 1.0.0 - Basic clean up. Ready for official release. 0.0.9 - Added Save Menu, 0.0.8 - Bug fixes, 0.0.7 - Added Advanced Settings presets to Maintenance. 0.0.6 - Added Clear Packages, the first of the Maintenance section.
0.0.5 - Bug fixes
0.0.4 - Added enabling of disabled addons on build first run. Added update repos on build first run. 
0.0.3 - Added prompt notifying when new version of installed build is available.
0.0.2 - Initial Release
		</news>
		<assets>
				<icon>resources/icon.png</icon>
				<fanart>resources/fanart.jpg</fanart>
				<banner></banner>
				<clearlogo></clearlogo>
				<screenshot></screenshot>
		</assets>
	</extension>
</addon>