<dir>
    <title>[COLORlightgrey]Action[/COLOR]</title>
    <tmdb>genre/movies/28</tmdb>
</dir>

<dir>
    <title>[COLORlightgrey]Adventure[/COLOR]</title>
    <tmdb>genre/movies/12</tmdb>
</dir>

<dir>
    <title>[COLORlightgrey]Animation[/COLOR]</title>
    <tmdb>genre/movies/16</tmdb>
</dir>

<dir>
    <title>[COLORlightgrey]Comedy[/COLOR]</title>
    <tmdb>genre/movies/35</tmdb>
</dir>

<dir>
    <title>[COLORlightgrey]Crime[/COLOR]</title>
    <tmdb>genre/movies/80</tmdb>
</dir>

<dir>
    <title>[COLORlightgrey]Documentary[/COLOR]</title>
    <tmdb>genre/movies/99</tmdb>
</dir>

<dir>
    <title>[COLORlightgrey]Drama[/COLOR]</title>
    <tmdb>genre/movies/18</tmdb>
</dir>

<dir>
    <title>[COLORlightgrey]Family[/COLOR]</title>
    <tmdb>genre/movies/10751</tmdb>
</dir>

<dir>
    <title>[COLORlightgrey]Fantasy[/COLOR]</title>
    <tmdb>genre/movies/14</tmdb>
</dir>

<dir>
    <title>[COLORlightgrey]History[/COLOR]</title>
    <tmdb>genre/movies/36</tmdb>
</dir>

<dir>
    <title>[COLORlightgrey]Horror[/COLOR]</title>
    <tmdb>genre/movies/27</tmdb>
</dir>

<dir>
    <title>[COLORlightgrey]Music[/COLOR]</title>
    <tmdb>genre/movies/10402</tmdb>
</dir>

<dir>
    <title>[COLORlightgrey]Mystery[/COLOR]</title>
    <tmdb>genre/movies/9648</tmdb>
</dir>

<dir>
    <title>[COLORlightgrey]Romance[/COLOR]</title>
    <tmdb>genre/movies/10749</tmdb>
</dir>

<dir>
    <title>[COLORlightgrey]Science Fiction[/COLOR]</title>
    <tmdb>genre/movies/878</tmdb>
</dir>

<dir>
    <title>[COLORlightgrey]TV Movie[/COLOR]</title>
    <tmdb>genre/movies/10770</tmdb>
</dir>

<dir>
    <title>[COLORlightgrey]Thriller[/COLOR]</title>
    <tmdb>genre/movies/53</tmdb>
</dir>

<dir>
    <title>[COLORlightgrey]War[/COLOR]</title>
    <tmdb>genre/movies/10752</tmdb>
</dir>

<dir>
    <title>[COLORlightgrey]Western[/COLOR]</title>
    <tmdb>genre/movies/37</tmdb>
</dir>

<plugin>
  <name>[COLORlightgrey]Testings[/COLOR] [COLORaquamarine]➣[/COLOR]</name>
  <link>plugin://plugin.video.enigma/?action=developer</link>
  <thumbnail>special://home/addons/plugin.video.enigma/images/en1.gif</thumbnail>
  </plugin>