Single Item

<item>
    <title>Single Item Test</title>
    <link></link>
    <thumbnail></thumbnail>
</item>

Folder

<dir>
    <name>Folder Test</name>
    <link></link>
    <thumbnail></thumbnail>
</dir>

Trakt

<dir>
    <title>Trakt Test</title>
    <trakt></trakt>
</dir>

TMDB

<dir>
    <title>TMDB Test</title>
    <tmdb></tmdb>
</dir>

IMDB

<dir>
    <title>IMDB Test</title>
    <imdburl></imdburl>
    <thumbnail></thumbnail>
</dir>

Youtube

<item>
    <title>Single Link Test</title>
    <link></link>
    <thumbnail></thumbnail>
</item>

<plugin>
    <title>Playlist Test</title>
    <link>plugin://plugin.video.youtube/playlist/**PLAYLIST NUMBER**/</link>
    <thumbnail></thumbnail>
</plugin>

<plugin>
    <title>Channel Test</title>
    <link>plugin://plugin.video.youtube/channel/**CHANNEL NUMBER**/playlists/</link>
    <thumbnail></thumbnail>
</plugin>

Reddit

<plugin>
    <title>Reddit Test</title>
    <link>plugin://plugin.video.reddit_viewer/?mode=listSubReddit&amp;type=soccerstreams&amp;url=https%3a%2f%2fwww.reddit.com%2fr%2fsoccerstreams%2f.json%3f%26limit%3d50</link>
    <thumbnail></thumbnail>
    <fanart></fanart>
    <content></content>
</plugin>

F4M

<plugin>
    <name>F4M Test</name>
    <link>plugin://plugin.video.f4mTester/?streamtype=TSDOWNLOADER&amp;url=Add Your Link Here</link>
    <thumbnail></thumbnail>
    <fanart></fanart>
    <summary></summary>
</plugin>


Plexus
<plugin>
    <title>Plexus Test</title>
    <link>
        <sublink>plugin://program.plexus/?mode=1&url=acestream://623687ccc7bf028bd61694053f54119425fab9c0(Acestream-Stream Name goes here)</sublink>
        <animated_thumbnail></animated_thumbnail>
        <thumbnail></thumbnail>
        <fanart></fanart>
    </plugin>

    