<?xml version="1.0" encoding="UTF-8" standalone="yes"?>
<addon id="plugin.video.jizzplanet" name="Jizz Planet" version="3.0.0~beta1" provider-name="Jizzplanet.com">
	<requires>
		<import addon="xbmc.python" version="3.0.0" />
		<import addon="script.module.pyxbmct" version="1.1.4" />
		<import addon="script.module.resolveurl" version="5.0.00" />
		<import addon="script.module.six" />
		<import addon="script.module.kodi-six" />
		<import addon="script.module.simplejson" />
		<import addon="script.module.requests" />
	</requires>
	<extension point="xbmc.python.pluginsource" library="default.py">
		<provides>video</provides>
	</extension>
	<extension point="xbmc.addon.metadata">
		<summary lang="en">Jizz Planet</summary>
		<description lang="en">Unofficial A-Z Adult Addon by Jizzplanet.com.</description>
		<news>Version2</news>
		<assets>
			<icon>icon.png</icon>
			<fanart>fanart.jpg</fanart>
			<screenshot>resources/screenshots/screenshot-01.jpg</screenshot>
			<screenshot>resources/screenshots/screenshot-02.jpg</screenshot>
			<screenshot>resources/screenshots/screenshot-03.jpg</screenshot>
		</assets>
		<platform>all</platform>
		<forum></forum>
		<website></website>
	</extension>
</addon>
